{
    "more": true,
    "playlist": [
        {
            "subscribers": [],
            "subscribed": false,
            "creator": {
                "defaultAvatar": false,
                "province": 350000,
                "authStatus": 0,
                "followed": false,
                "avatarUrl": "http://p1.music.126.net/dNXro-_wj1V2dJ-uPuQqTA==/109951165034095714.jpg",
                "accountStatus": 0,
                "gender": 1,
                "city": 350100,
                "birthday": 928598400000,
                "userId": 481474853,
                "userType": 0,
                "nickname": "ForeverMisaka",
                "signature": "",
                "description": "",
                "detailDescription": "",
                "avatarImgId": 109951165034095710,
                "backgroundImgId": 2043992116056018,
                "backgroundUrl": "http://p1.music.126.net/l3KDu5decycOsA7vcR7mSg==/2043992116056018.jpg",
                "authority": 0,
                "mutual": false,
                "expertTags": null,
                "experts": null,
                "djStatus": 0,
                "vipType": 11,
                "remarkName": null,
                "avatarImgIdStr": "109951165034095714",
                "backgroundImgIdStr": "2043992116056018",
                "avatarImgId_str": "109951165034095714"
            },
            "artists": null,
            "tracks": null,
            "updateFrequency": null,
            "backgroundCoverId": 0,
            "backgroundCoverUrl": null,
            "titleImage": 0,
            "titleImageUrl": null,
            "englishTitle": null,
            "opRecommend": false,
            "recommendInfo": null,
            "description": null,
            "ordered": true,
            "playCount": 6147,
            "trackCount": 520,
            "trackNumberUpdateTime": 1592736294553,
            "trackUpdateTime": 1592743052549,
            "adType": 0,
            "subscribedCount": 0,
            "cloudTrackCount": 0,
            "status": 0,
            "anonimous": false,
            "specialType": 5,
            "totalDuration": 0,
            "updateTime": 1592736294553,
            "coverImgId": 109951163520362200,
            "newImported": false,
            "tags": [],
            "commentThreadId": "A_PL_0_720748895",
            "privacy": 0,
            "coverImgUrl": "https://p2.music.126.net/44iM2-8AcxtSLFgQ6ow5gQ==/109951163520362203.jpg",
            "userId": 481474853,
            "createTime": 1494151088323,
            "highQuality": false,
            "name": "ForeverMisaka喜欢的音乐",
            "id": 720748895,
            "coverImgId_str": "109951163520362203"
        },
        {
            "subscribers": [],
            "subscribed": false,
            "creator": {
                "defaultAvatar": false,
                "province": 350000,
                "authStatus": 0,
                "followed": false,
                "avatarUrl": "http://p1.music.126.net/dNXro-_wj1V2dJ-uPuQqTA==/109951165034095714.jpg",
                "accountStatus": 0,
                "gender": 1,
                "city": 350100,
                "birthday": 928598400000,
                "userId": 481474853,
                "userType": 0,
                "nickname": "ForeverMisaka",
                "signature": "",
                "description": "",
                "detailDescription": "",
                "avatarImgId": 109951165034095710,
                "backgroundImgId": 2043992116056018,
                "backgroundUrl": "http://p1.music.126.net/l3KDu5decycOsA7vcR7mSg==/2043992116056018.jpg",
                "authority": 0,
                "mutual": false,
                "expertTags": null,
                "experts": null,
                "djStatus": 0,
                "vipType": 11,
                "remarkName": null,
                "avatarImgIdStr": "109951165034095714",
                "backgroundImgIdStr": "2043992116056018",
                "avatarImgId_str": "109951165034095714"
            },
            "artists": null,
            "tracks": null,
            "updateFrequency": null,
            "backgroundCoverId": 0,
            "backgroundCoverUrl": null,
            "titleImage": 0,
            "titleImageUrl": null,
            "englishTitle": null,
            "opRecommend": false,
            "recommendInfo": null,
            "description": null,
            "ordered": true,
            "playCount": 6,
            "trackCount": 0,
            "trackNumberUpdateTime": 1564993085252,
            "trackUpdateTime": 1564993089694,
            "adType": 0,
            "subscribedCount": 0,
            "cloudTrackCount": 2,
            "status": 0,
            "anonimous": false,
            "specialType": 0,
            "totalDuration": 0,
            "updateTime": 1564993085252,
            "coverImgId": 2002210674180197,
            "newImported": false,
            "tags": [],
            "commentThreadId": "A_PL_0_2918832052",
            "privacy": 0,
            "coverImgUrl": "https://p2.music.126.net/tGHU62DTszbFQ37W9qPHcg==/2002210674180197.jpg",
            "userId": 481474853,
            "createTime": 1564993058333,
            "highQuality": false,
            "name": "埃尔梅罗二世事件簿 OP ED",
            "id": 2918832052
        },
        {
            "subscribers": [],
            "subscribed": false,
            "creator": {
                "defaultAvatar": false,
                "province": 350000,
                "authStatus": 0,
                "followed": false,
                "avatarUrl": "http://p1.music.126.net/dNXro-_wj1V2dJ-uPuQqTA==/109951165034095714.jpg",
                "accountStatus": 0,
                "gender": 1,
                "city": 350100,
                "birthday": 928598400000,
                "userId": 481474853,
                "userType": 0,
                "nickname": "ForeverMisaka",
                "signature": "",
                "description": "",
                "detailDescription": "",
                "avatarImgId": 109951165034095710,
                "backgroundImgId": 2043992116056018,
                "backgroundUrl": "http://p1.music.126.net/l3KDu5decycOsA7vcR7mSg==/2043992116056018.jpg",
                "authority": 0,
                "mutual": false,
                "expertTags": null,
                "experts": null,
                "djStatus": 0,
                "vipType": 11,
                "remarkName": null,
                "avatarImgIdStr": "109951165034095714",
                "backgroundImgIdStr": "2043992116056018",
                "avatarImgId_str": "109951165034095714"
            },
            "artists": null,
            "tracks": null,
            "updateFrequency": null,
            "backgroundCoverId": 0,
            "backgroundCoverUrl": null,
            "titleImage": 0,
            "titleImageUrl": null,
            "englishTitle": null,
            "opRecommend": false,
            "recommendInfo": null,
            "description": null,
            "ordered": false,
            "playCount": 0,
            "trackCount": 30,
            "trackNumberUpdateTime": 1563210369263,
            "trackUpdateTime": 1591016048879,
            "adType": 0,
            "subscribedCount": 0,
            "cloudTrackCount": 0,
            "status": 0,
            "anonimous": false,
            "specialType": 0,
            "totalDuration": 0,
            "updateTime": 1563210369263,
            "coverImgId": 4422235766925695,
            "newImported": false,
            "tags": [],
            "commentThreadId": "A_PL_0_2885670041",
            "privacy": 0,
            "coverImgUrl": "https://p2.music.126.net/K2Vzi2tZjapEbysWdM5x1w==/4422235766925695.jpg",
            "userId": 481474853,
            "createTime": 1563210368961,
            "highQuality": false,
            "name": "每日推荐2019-07-16",
            "id": 2885670041
        },
        {
            "subscribers": [],
            "subscribed": false,
            "creator": {
                "defaultAvatar": false,
                "province": 350000,
                "authStatus": 0,
                "followed": false,
                "avatarUrl": "http://p1.music.126.net/dNXro-_wj1V2dJ-uPuQqTA==/109951165034095714.jpg",
                "accountStatus": 0,
                "gender": 1,
                "city": 350100,
                "birthday": 928598400000,
                "userId": 481474853,
                "userType": 0,
                "nickname": "ForeverMisaka",
                "signature": "",
                "description": "",
                "detailDescription": "",
                "avatarImgId": 109951165034095710,
                "backgroundImgId": 2043992116056018,
                "backgroundUrl": "http://p1.music.126.net/l3KDu5decycOsA7vcR7mSg==/2043992116056018.jpg",
                "authority": 0,
                "mutual": false,
                "expertTags": null,
                "experts": null,
                "djStatus": 0,
                "vipType": 11,
                "remarkName": null,
                "avatarImgIdStr": "109951165034095714",
                "backgroundImgIdStr": "2043992116056018",
                "avatarImgId_str": "109951165034095714"
            },
            "artists": null,
            "tracks": null,
            "updateFrequency": null,
            "backgroundCoverId": 0,
            "backgroundCoverUrl": null,
            "titleImage": 0,
            "titleImageUrl": null,
            "englishTitle": null,
            "opRecommend": false,
            "recommendInfo": null,
            "description": null,
            "ordered": false,
            "playCount": 8,
            "trackCount": 1,
            "trackNumberUpdateTime": 1560007513399,
            "trackUpdateTime": 1592299169162,
            "adType": 0,
            "subscribedCount": 0,
            "cloudTrackCount": 0,
            "status": 0,
            "anonimous": false,
            "specialType": 0,
            "totalDuration": 0,
            "updateTime": 1560007513399,
            "coverImgId": 27487790706531,
            "newImported": false,
            "tags": [],
            "commentThreadId": "A_PL_0_2835071683",
            "privacy": 0,
            "coverImgUrl": "https://p2.music.126.net/7RItheuGL6uP4YfZj3CW8w==/27487790706531.jpg",
            "userId": 481474853,
            "createTime": 1560007513031,
            "highQuality": false,
            "name": "怀旧",
            "id": 2835071683
        },
        {
            "subscribers": [],
            "subscribed": false,
            "creator": {
                "defaultAvatar": false,
                "province": 350000,
                "authStatus": 0,
                "followed": false,
                "avatarUrl": "http://p1.music.126.net/dNXro-_wj1V2dJ-uPuQqTA==/109951165034095714.jpg",
                "accountStatus": 0,
                "gender": 1,
                "city": 350100,
                "birthday": 928598400000,
                "userId": 481474853,
                "userType": 0,
                "nickname": "ForeverMisaka",
                "signature": "",
                "description": "",
                "detailDescription": "",
                "avatarImgId": 109951165034095710,
                "backgroundImgId": 2043992116056018,
                "backgroundUrl": "http://p1.music.126.net/l3KDu5decycOsA7vcR7mSg==/2043992116056018.jpg",
                "authority": 0,
                "mutual": false,
                "expertTags": null,
                "experts": null,
                "djStatus": 0,
                "vipType": 11,
                "remarkName": null,
                "avatarImgIdStr": "109951165034095714",
                "backgroundImgIdStr": "2043992116056018",
                "avatarImgId_str": "109951165034095714"
            },
            "artists": null,
            "tracks": null,
            "updateFrequency": null,
            "backgroundCoverId": 0,
            "backgroundCoverUrl": null,
            "titleImage": 0,
            "titleImageUrl": null,
            "englishTitle": null,
            "opRecommend": false,
            "recommendInfo": null,
            "description": null,
            "ordered": false,
            "playCount": 24,
            "trackCount": 28,
            "trackNumberUpdateTime": 1542754179987,
            "trackUpdateTime": 1592397166358,
            "adType": 0,
            "subscribedCount": 0,
            "cloudTrackCount": 0,
            "status": 0,
            "anonimous": false,
            "specialType": 0,
            "totalDuration": 0,
            "updateTime": 1542754179987,
            "coverImgId": 2296879790488330,
            "newImported": false,
            "tags": [],
            "commentThreadId": "A_PL_0_2523003392",
            "privacy": 0,
            "coverImgUrl": "https://p2.music.126.net/0nqv_eEltgLebuNPvjdlEA==/2296879790488330.jpg",
            "userId": 481474853,
            "createTime": 1542754179637,
            "highQuality": false,
            "name": "每日推荐2018-11-21",
            "id": 2523003392
        },
        {
            "subscribers": [],
            "subscribed": false,
            "creator": {
                "defaultAvatar": false,
                "province": 350000,
                "authStatus": 0,
                "followed": false,
                "avatarUrl": "http://p1.music.126.net/dNXro-_wj1V2dJ-uPuQqTA==/109951165034095714.jpg",
                "accountStatus": 0,
                "gender": 1,
                "city": 350100,
                "birthday": 928598400000,
                "userId": 481474853,
                "userType": 0,
                "nickname": "ForeverMisaka",
                "signature": "",
                "description": "",
                "detailDescription": "",
                "avatarImgId": 109951165034095710,
                "backgroundImgId": 2043992116056018,
                "backgroundUrl": "http://p1.music.126.net/l3KDu5decycOsA7vcR7mSg==/2043992116056018.jpg",
                "authority": 0,
                "mutual": false,
                "expertTags": null,
                "experts": null,
                "djStatus": 0,
                "vipType": 11,
                "remarkName": null,
                "avatarImgIdStr": "109951165034095714",
                "backgroundImgIdStr": "2043992116056018",
                "avatarImgId_str": "109951165034095714"
            },
            "artists": null,
            "tracks": null,
            "updateFrequency": null,
            "backgroundCoverId": 0,
            "backgroundCoverUrl": null,
            "titleImage": 0,
            "titleImageUrl": null,
            "englishTitle": null,
            "opRecommend": false,
            "recommendInfo": null,
            "description": null,
            "ordered": false,
            "playCount": 1,
            "trackCount": 29,
            "trackNumberUpdateTime": 1542727841783,
            "trackUpdateTime": 1592464786513,
            "adType": 0,
            "subscribedCount": 0,
            "cloudTrackCount": 0,
            "status": 0,
            "anonimous": false,
            "specialType": 0,
            "totalDuration": 0,
            "updateTime": 1542727841783,
            "coverImgId": 109951163597274620,
            "newImported": false,
            "tags": [],
            "commentThreadId": "A_PL_0_2522827490",
            "privacy": 0,
            "coverImgUrl": "https://p2.music.126.net/G8jx8FAQa8QZy3zFwVX-kw==/109951163597274620.jpg",
            "userId": 481474853,
            "createTime": 1542727840861,
            "highQuality": false,
            "name": "每日推荐2018-11-20",
            "id": 2522827490,
            "coverImgId_str": "109951163597274620"
        },
        {
            "subscribers": [],
            "subscribed": false,
            "creator": {
                "defaultAvatar": false,
                "province": 350000,
                "authStatus": 0,
                "followed": false,
                "avatarUrl": "http://p1.music.126.net/dNXro-_wj1V2dJ-uPuQqTA==/109951165034095714.jpg",
                "accountStatus": 0,
                "gender": 1,
                "city": 350100,
                "birthday": 928598400000,
                "userId": 481474853,
                "userType": 0,
                "nickname": "ForeverMisaka",
                "signature": "",
                "description": "",
                "detailDescription": "",
                "avatarImgId": 109951165034095710,
                "backgroundImgId": 2043992116056018,
                "backgroundUrl": "http://p1.music.126.net/l3KDu5decycOsA7vcR7mSg==/2043992116056018.jpg",
                "authority": 0,
                "mutual": false,
                "expertTags": null,
                "experts": null,
                "djStatus": 0,
                "vipType": 11,
                "remarkName": null,
                "avatarImgIdStr": "109951165034095714",
                "backgroundImgIdStr": "2043992116056018",
                "avatarImgId_str": "109951165034095714"
            },
            "artists": null,
            "tracks": null,
            "updateFrequency": null,
            "backgroundCoverId": 0,
            "backgroundCoverUrl": null,
            "titleImage": 0,
            "titleImageUrl": null,
            "englishTitle": null,
            "opRecommend": false,
            "recommendInfo": null,
            "description": null,
            "ordered": false,
            "playCount": 1,
            "trackCount": 4,
            "trackNumberUpdateTime": 1539445665081,
            "trackUpdateTime": 1590809900844,
            "adType": 0,
            "subscribedCount": 0,
            "cloudTrackCount": 0,
            "status": 0,
            "anonimous": false,
            "specialType": 0,
            "totalDuration": 0,
            "updateTime": 1539445665081,
            "coverImgId": 109951163600110610,
            "newImported": false,
            "tags": [],
            "commentThreadId": "A_PL_0_2466406520",
            "privacy": 0,
            "coverImgUrl": "https://p2.music.126.net/EFiuHLixuLf8T8Rvv1u6NA==/109951163600110608.jpg",
            "userId": 481474853,
            "createTime": 1539358948440,
            "highQuality": false,
            "name": "学日语",
            "id": 2466406520,
            "coverImgId_str": "109951163600110608"
        },
        {
            "subscribers": [],
            "subscribed": false,
            "creator": {
                "defaultAvatar": false,
                "province": 350000,
                "authStatus": 0,
                "followed": false,
                "avatarUrl": "http://p1.music.126.net/dNXro-_wj1V2dJ-uPuQqTA==/109951165034095714.jpg",
                "accountStatus": 0,
                "gender": 1,
                "city": 350100,
                "birthday": 928598400000,
                "userId": 481474853,
                "userType": 0,
                "nickname": "ForeverMisaka",
                "signature": "",
                "description": "",
                "detailDescription": "",
                "avatarImgId": 109951165034095710,
                "backgroundImgId": 2043992116056018,
                "backgroundUrl": "http://p1.music.126.net/l3KDu5decycOsA7vcR7mSg==/2043992116056018.jpg",
                "authority": 0,
                "mutual": false,
                "expertTags": null,
                "experts": null,
                "djStatus": 0,
                "vipType": 11,
                "remarkName": null,
                "avatarImgIdStr": "109951165034095714",
                "backgroundImgIdStr": "2043992116056018",
                "avatarImgId_str": "109951165034095714"
            },
            "artists": null,
            "tracks": null,
            "updateFrequency": null,
            "backgroundCoverId": 0,
            "backgroundCoverUrl": null,
            "titleImage": 0,
            "titleImageUrl": null,
            "englishTitle": null,
            "opRecommend": false,
            "recommendInfo": null,
            "description": null,
            "ordered": true,
            "playCount": 427,
            "trackCount": 130,
            "trackNumberUpdateTime": 1585220603809,
            "trackUpdateTime": 1592638358282,
            "adType": 0,
            "subscribedCount": 0,
            "cloudTrackCount": 1,
            "status": 0,
            "anonimous": false,
            "specialType": 0,
            "totalDuration": 0,
            "updateTime": 1585220603809,
            "coverImgId": 109951163559682180,
            "newImported": false,
            "tags": [],
            "commentThreadId": "A_PL_0_920422645",
            "privacy": 0,
            "coverImgUrl": "https://p2.music.126.net/B_sCLXthAHgoVEMIRNU1hw==/109951163559682176.jpg",
            "userId": 481474853,
            "createTime": 1505493854661,
            "highQuality": false,
            "name": "BGM",
            "id": 920422645,
            "coverImgId_str": "109951163559682176"
        },
        {
            "subscribers": [],
            "subscribed": false,
            "creator": {
                "defaultAvatar": false,
                "province": 350000,
                "authStatus": 0,
                "followed": false,
                "avatarUrl": "http://p1.music.126.net/dNXro-_wj1V2dJ-uPuQqTA==/109951165034095714.jpg",
                "accountStatus": 0,
                "gender": 1,
                "city": 350100,
                "birthday": 928598400000,
                "userId": 481474853,
                "userType": 0,
                "nickname": "ForeverMisaka",
                "signature": "",
                "description": "",
                "detailDescription": "",
                "avatarImgId": 109951165034095710,
                "backgroundImgId": 2043992116056018,
                "backgroundUrl": "http://p1.music.126.net/l3KDu5decycOsA7vcR7mSg==/2043992116056018.jpg",
                "authority": 0,
                "mutual": false,
                "expertTags": null,
                "experts": null,
                "djStatus": 0,
                "vipType": 11,
                "remarkName": null,
                "avatarImgIdStr": "109951165034095714",
                "backgroundImgIdStr": "2043992116056018",
                "avatarImgId_str": "109951165034095714"
            },
            "artists": null,
            "tracks": null,
            "updateFrequency": null,
            "backgroundCoverId": 0,
            "backgroundCoverUrl": null,
            "titleImage": 0,
            "titleImageUrl": null,
            "englishTitle": null,
            "opRecommend": false,
            "recommendInfo": null,
            "description": null,
            "ordered": false,
            "playCount": 15,
            "trackCount": 99,
            "trackNumberUpdateTime": 1527030858747,
            "trackUpdateTime": 1592192077275,
            "adType": 0,
            "subscribedCount": 0,
            "cloudTrackCount": 0,
            "status": 0,
            "anonimous": false,
            "specialType": 0,
            "totalDuration": 0,
            "updateTime": 1527030858747,
            "coverImgId": 2266093464897478,
            "newImported": false,
            "tags": [],
            "commentThreadId": "A_PL_0_2237466295",
            "privacy": 0,
            "coverImgUrl": "https://p2.music.126.net/DVa76ytb0bXthl3at7Pv2Q==/2266093464897478.jpg",
            "userId": 481474853,
            "createTime": 1527030858616,
            "highQuality": false,
            "name": "東方激战音楽集",
            "id": 2237466295
        },
        {
            "subscribers": [],
            "subscribed": false,
            "creator": {
                "defaultAvatar": false,
                "province": 350000,
                "authStatus": 0,
                "followed": false,
                "avatarUrl": "http://p1.music.126.net/dNXro-_wj1V2dJ-uPuQqTA==/109951165034095714.jpg",
                "accountStatus": 0,
                "gender": 1,
                "city": 350100,
                "birthday": 928598400000,
                "userId": 481474853,
                "userType": 0,
                "nickname": "ForeverMisaka",
                "signature": "",
                "description": "",
                "detailDescription": "",
                "avatarImgId": 109951165034095710,
                "backgroundImgId": 2043992116056018,
                "backgroundUrl": "http://p1.music.126.net/l3KDu5decycOsA7vcR7mSg==/2043992116056018.jpg",
                "authority": 0,
                "mutual": false,
                "expertTags": null,
                "experts": null,
                "djStatus": 0,
                "vipType": 11,
                "remarkName": null,
                "avatarImgIdStr": "109951165034095714",
                "backgroundImgIdStr": "2043992116056018",
                "avatarImgId_str": "109951165034095714"
            },
            "artists": null,
            "tracks": null,
            "updateFrequency": null,
            "backgroundCoverId": 0,
            "backgroundCoverUrl": null,
            "titleImage": 0,
            "titleImageUrl": null,
            "englishTitle": null,
            "opRecommend": false,
            "recommendInfo": null,
            "description": null,
            "ordered": true,
            "playCount": 17,
            "trackCount": 6,
            "trackNumberUpdateTime": 1531194020560,
            "trackUpdateTime": 1590809902439,
            "adType": 0,
            "subscribedCount": 0,
            "cloudTrackCount": 0,
            "status": 0,
            "anonimous": false,
            "specialType": 0,
            "totalDuration": 0,
            "updateTime": 1532673432970,
            "coverImgId": 4454121604129300,
            "newImported": false,
            "tags": [],
            "commentThreadId": "A_PL_0_2233840975",
            "privacy": 0,
            "coverImgUrl": "https://p2.music.126.net/xbn5twrOt5JujOmlUJOP-w==/4454121604129300.jpg",
            "userId": 481474853,
            "createTime": 1526788896876,
            "highQuality": false,
            "name": "Blog",
            "id": 2233840975
        },
        {
            "subscribers": [],
            "subscribed": false,
            "creator": {
                "defaultAvatar": false,
                "province": 350000,
                "authStatus": 0,
                "followed": false,
                "avatarUrl": "http://p1.music.126.net/dNXro-_wj1V2dJ-uPuQqTA==/109951165034095714.jpg",
                "accountStatus": 0,
                "gender": 1,
                "city": 350100,
                "birthday": 928598400000,
                "userId": 481474853,
                "userType": 0,
                "nickname": "ForeverMisaka",
                "signature": "",
                "description": "",
                "detailDescription": "",
                "avatarImgId": 109951165034095710,
                "backgroundImgId": 2043992116056018,
                "backgroundUrl": "http://p1.music.126.net/l3KDu5decycOsA7vcR7mSg==/2043992116056018.jpg",
                "authority": 0,
                "mutual": false,
                "expertTags": null,
                "experts": null,
                "djStatus": 0,
                "vipType": 11,
                "remarkName": null,
                "avatarImgIdStr": "109951165034095714",
                "backgroundImgIdStr": "2043992116056018",
                "avatarImgId_str": "109951165034095714"
            },
            "artists": null,
            "tracks": null,
            "updateFrequency": null,
            "backgroundCoverId": 0,
            "backgroundCoverUrl": null,
            "titleImage": 0,
            "titleImageUrl": null,
            "englishTitle": null,
            "opRecommend": false,
            "recommendInfo": null,
            "description": null,
            "ordered": true,
            "playCount": 4,
            "trackCount": 6,
            "trackNumberUpdateTime": 1527058320300,
            "trackUpdateTime": 1590809903026,
            "adType": 0,
            "subscribedCount": 0,
            "cloudTrackCount": 0,
            "status": 0,
            "anonimous": false,
            "specialType": 0,
            "totalDuration": 0,
            "updateTime": 1527058320300,
            "coverImgId": 7873602766714855,
            "newImported": false,
            "tags": [],
            "commentThreadId": "A_PL_0_2237820852",
            "privacy": 0,
            "coverImgUrl": "https://p2.music.126.net/u6XarPwsfMAspORpWtVVhA==/7873602766714855.jpg",
            "userId": 481474853,
            "createTime": 1527058076358,
            "highQuality": false,
            "name": "Blog2",
            "id": 2237820852
        },
        {
            "subscribers": [],
            "subscribed": false,
            "creator": {
                "defaultAvatar": false,
                "province": 350000,
                "authStatus": 0,
                "followed": false,
                "avatarUrl": "http://p1.music.126.net/dNXro-_wj1V2dJ-uPuQqTA==/109951165034095714.jpg",
                "accountStatus": 0,
                "gender": 1,
                "city": 350100,
                "birthday": 928598400000,
                "userId": 481474853,
                "userType": 0,
                "nickname": "ForeverMisaka",
                "signature": "",
                "description": "",
                "detailDescription": "",
                "avatarImgId": 109951165034095710,
                "backgroundImgId": 2043992116056018,
                "backgroundUrl": "http://p1.music.126.net/l3KDu5decycOsA7vcR7mSg==/2043992116056018.jpg",
                "authority": 0,
                "mutual": false,
                "expertTags": null,
                "experts": null,
                "djStatus": 0,
                "vipType": 11,
                "remarkName": null,
                "avatarImgIdStr": "109951165034095714",
                "backgroundImgIdStr": "2043992116056018",
                "avatarImgId_str": "109951165034095714"
            },
            "artists": null,
            "tracks": null,
            "updateFrequency": null,
            "backgroundCoverId": 0,
            "backgroundCoverUrl": null,
            "titleImage": 0,
            "titleImageUrl": null,
            "englishTitle": null,
            "opRecommend": false,
            "recommendInfo": null,
            "description": null,
            "ordered": false,
            "playCount": 8,
            "trackCount": 31,
            "trackNumberUpdateTime": 1522859008929,
            "trackUpdateTime": 1590809905726,
            "adType": 0,
            "subscribedCount": 0,
            "cloudTrackCount": 0,
            "status": 0,
            "anonimous": false,
            "specialType": 0,
            "totalDuration": 0,
            "updateTime": 1522859008929,
            "coverImgId": 5803222371553629,
            "newImported": false,
            "tags": [],
            "commentThreadId": "A_PL_0_2171296337",
            "privacy": 0,
            "coverImgUrl": "https://p2.music.126.net/okSffAPIAS6oEMmMjTlT3Q==/5803222371553629.jpg",
            "userId": 481474853,
            "createTime": 1522859008690,
            "highQuality": false,
            "name": "Gundam Seed & Destiny 高达精选集",
            "id": 2171296337
        },
        {
            "subscribers": [],
            "subscribed": false,
            "creator": {
                "defaultAvatar": false,
                "province": 350000,
                "authStatus": 0,
                "followed": false,
                "avatarUrl": "http://p1.music.126.net/dNXro-_wj1V2dJ-uPuQqTA==/109951165034095714.jpg",
                "accountStatus": 0,
                "gender": 1,
                "city": 350100,
                "birthday": 928598400000,
                "userId": 481474853,
                "userType": 0,
                "nickname": "ForeverMisaka",
                "signature": "",
                "description": "",
                "detailDescription": "",
                "avatarImgId": 109951165034095710,
                "backgroundImgId": 2043992116056018,
                "backgroundUrl": "http://p1.music.126.net/l3KDu5decycOsA7vcR7mSg==/2043992116056018.jpg",
                "authority": 0,
                "mutual": false,
                "expertTags": null,
                "experts": null,
                "djStatus": 0,
                "vipType": 11,
                "remarkName": null,
                "avatarImgIdStr": "109951165034095714",
                "backgroundImgIdStr": "2043992116056018",
                "avatarImgId_str": "109951165034095714"
            },
            "artists": null,
            "tracks": null,
            "updateFrequency": null,
            "backgroundCoverId": 0,
            "backgroundCoverUrl": null,
            "titleImage": 0,
            "titleImageUrl": null,
            "englishTitle": null,
            "opRecommend": false,
            "recommendInfo": null,
            "description": "",
            "ordered": false,
            "playCount": 24,
            "trackCount": 100,
            "trackNumberUpdateTime": 1521361971488,
            "trackUpdateTime": 1585830067169,
            "adType": 0,
            "subscribedCount": 0,
            "cloudTrackCount": 0,
            "status": 0,
            "anonimous": false,
            "specialType": 0,
            "totalDuration": 0,
            "updateTime": 1521361971488,
            "coverImgId": 6622358534649426,
            "newImported": false,
            "tags": [],
            "commentThreadId": "A_PL_0_2146653727",
            "privacy": 0,
            "coverImgUrl": "https://p2.music.126.net/ytLsbcgIpdfyk_bz6aNuyA==/6622358534649426.jpg",
            "userId": 481474853,
            "createTime": 1521361971317,
            "highQuality": false,
            "name": "这个是僵尸吗【原声集】",
            "id": 2146653727
        },
        {
            "subscribers": [],
            "subscribed": false,
            "creator": {
                "defaultAvatar": false,
                "province": 350000,
                "authStatus": 0,
                "followed": false,
                "avatarUrl": "http://p1.music.126.net/dNXro-_wj1V2dJ-uPuQqTA==/109951165034095714.jpg",
                "accountStatus": 0,
                "gender": 1,
                "city": 350100,
                "birthday": 928598400000,
                "userId": 481474853,
                "userType": 0,
                "nickname": "ForeverMisaka",
                "signature": "",
                "description": "",
                "detailDescription": "",
                "avatarImgId": 109951165034095710,
                "backgroundImgId": 2043992116056018,
                "backgroundUrl": "http://p1.music.126.net/l3KDu5decycOsA7vcR7mSg==/2043992116056018.jpg",
                "authority": 0,
                "mutual": false,
                "expertTags": null,
                "experts": null,
                "djStatus": 0,
                "vipType": 11,
                "remarkName": null,
                "avatarImgIdStr": "109951165034095714",
                "backgroundImgIdStr": "2043992116056018",
                "avatarImgId_str": "109951165034095714"
            },
            "artists": null,
            "tracks": null,
            "updateFrequency": null,
            "backgroundCoverId": 0,
            "backgroundCoverUrl": null,
            "titleImage": 0,
            "titleImageUrl": null,
            "englishTitle": null,
            "opRecommend": false,
            "recommendInfo": null,
            "description": null,
            "ordered": false,
            "playCount": 37,
            "trackCount": 47,
            "trackNumberUpdateTime": 1519313093588,
            "trackUpdateTime": 1577423017809,
            "adType": 0,
            "subscribedCount": 0,
            "cloudTrackCount": 0,
            "status": 0,
            "anonimous": false,
            "specialType": 0,
            "totalDuration": 0,
            "updateTime": 1519313093588,
            "coverImgId": 18591642115884490,
            "newImported": false,
            "tags": [],
            "commentThreadId": "A_PL_0_2113192350",
            "privacy": 0,
            "coverImgUrl": "https://p2.music.126.net/iPT1ZGHFxJss0Y7-z0_WwA==/18591642115884487.jpg",
            "userId": 481474853,
            "createTime": 1519313093337,
            "highQuality": false,
            "name": "15th Anniversary SUPER BEST",
            "id": 2113192350,
            "coverImgId_str": "18591642115884487"
        },
        {
            "subscribers": [],
            "subscribed": false,
            "creator": {
                "defaultAvatar": false,
                "province": 350000,
                "authStatus": 0,
                "followed": false,
                "avatarUrl": "http://p1.music.126.net/dNXro-_wj1V2dJ-uPuQqTA==/109951165034095714.jpg",
                "accountStatus": 0,
                "gender": 1,
                "city": 350100,
                "birthday": 928598400000,
                "userId": 481474853,
                "userType": 0,
                "nickname": "ForeverMisaka",
                "signature": "",
                "description": "",
                "detailDescription": "",
                "avatarImgId": 109951165034095710,
                "backgroundImgId": 2043992116056018,
                "backgroundUrl": "http://p1.music.126.net/l3KDu5decycOsA7vcR7mSg==/2043992116056018.jpg",
                "authority": 0,
                "mutual": false,
                "expertTags": null,
                "experts": null,
                "djStatus": 0,
                "vipType": 11,
                "remarkName": null,
                "avatarImgIdStr": "109951165034095714",
                "backgroundImgIdStr": "2043992116056018",
                "avatarImgId_str": "109951165034095714"
            },
            "artists": null,
            "tracks": null,
            "updateFrequency": null,
            "backgroundCoverId": 0,
            "backgroundCoverUrl": null,
            "titleImage": 0,
            "titleImageUrl": null,
            "englishTitle": null,
            "opRecommend": false,
            "recommendInfo": null,
            "description": null,
            "ordered": false,
            "playCount": 11,
            "trackCount": 51,
            "trackNumberUpdateTime": 1519173710356,
            "trackUpdateTime": 1588128355698,
            "adType": 0,
            "subscribedCount": 0,
            "cloudTrackCount": 0,
            "status": 0,
            "anonimous": false,
            "specialType": 0,
            "totalDuration": 0,
            "updateTime": 1519173710356,
            "coverImgId": 3420580756331544,
            "newImported": false,
            "tags": [],
            "commentThreadId": "A_PL_0_2110703642",
            "privacy": 0,
            "coverImgUrl": "https://p2.music.126.net/3OJjLaOuaNo_EVreyRaBrQ==/3420580756331544.jpg",
            "userId": 481474853,
            "createTime": 1519173710100,
            "highQuality": false,
            "name": "传颂之物（永久に続く）",
            "id": 2110703642
        },
        {
            "subscribers": [],
            "subscribed": false,
            "creator": {
                "defaultAvatar": false,
                "province": 350000,
                "authStatus": 0,
                "followed": false,
                "avatarUrl": "http://p1.music.126.net/dNXro-_wj1V2dJ-uPuQqTA==/109951165034095714.jpg",
                "accountStatus": 0,
                "gender": 1,
                "city": 350100,
                "birthday": 928598400000,
                "userId": 481474853,
                "userType": 0,
                "nickname": "ForeverMisaka",
                "signature": "",
                "description": "",
                "detailDescription": "",
                "avatarImgId": 109951165034095710,
                "backgroundImgId": 2043992116056018,
                "backgroundUrl": "http://p1.music.126.net/l3KDu5decycOsA7vcR7mSg==/2043992116056018.jpg",
                "authority": 0,
                "mutual": false,
                "expertTags": null,
                "experts": null,
                "djStatus": 0,
                "vipType": 11,
                "remarkName": null,
                "avatarImgIdStr": "109951165034095714",
                "backgroundImgIdStr": "2043992116056018",
                "avatarImgId_str": "109951165034095714"
            },
            "artists": null,
            "tracks": null,
            "updateFrequency": null,
            "backgroundCoverId": 0,
            "backgroundCoverUrl": null,
            "titleImage": 0,
            "titleImageUrl": null,
            "englishTitle": null,
            "opRecommend": false,
            "recommendInfo": null,
            "description": null,
            "ordered": false,
            "playCount": 24,
            "trackCount": 28,
            "trackNumberUpdateTime": 1521963759112,
            "trackUpdateTime": 1592395207327,
            "adType": 0,
            "subscribedCount": 0,
            "cloudTrackCount": 0,
            "status": 0,
            "anonimous": false,
            "specialType": 0,
            "totalDuration": 0,
            "updateTime": 1521963759112,
            "coverImgId": 853221023197365,
            "newImported": false,
            "tags": [],
            "commentThreadId": "A_PL_0_2110697601",
            "privacy": 0,
            "coverImgUrl": "https://p2.music.126.net/Vzdj4bQrWl3ylWry60uLkg==/853221023197365.jpg",
            "userId": 481474853,
            "createTime": 1519172836870,
            "highQuality": false,
            "name": "魔法禁书目录系列op&ed正序",
            "id": 2110697601
        },
        {
            "subscribers": [],
            "subscribed": false,
            "creator": {
                "defaultAvatar": false,
                "province": 350000,
                "authStatus": 0,
                "followed": false,
                "avatarUrl": "http://p1.music.126.net/dNXro-_wj1V2dJ-uPuQqTA==/109951165034095714.jpg",
                "accountStatus": 0,
                "gender": 1,
                "city": 350100,
                "birthday": 928598400000,
                "userId": 481474853,
                "userType": 0,
                "nickname": "ForeverMisaka",
                "signature": "",
                "description": "",
                "detailDescription": "",
                "avatarImgId": 109951165034095710,
                "backgroundImgId": 2043992116056018,
                "backgroundUrl": "http://p1.music.126.net/l3KDu5decycOsA7vcR7mSg==/2043992116056018.jpg",
                "authority": 0,
                "mutual": false,
                "expertTags": null,
                "experts": null,
                "djStatus": 0,
                "vipType": 11,
                "remarkName": null,
                "avatarImgIdStr": "109951165034095714",
                "backgroundImgIdStr": "2043992116056018",
                "avatarImgId_str": "109951165034095714"
            },
            "artists": null,
            "tracks": null,
            "updateFrequency": null,
            "backgroundCoverId": 0,
            "backgroundCoverUrl": null,
            "titleImage": 0,
            "titleImageUrl": null,
            "englishTitle": null,
            "opRecommend": false,
            "recommendInfo": null,
            "description": null,
            "ordered": false,
            "playCount": 15,
            "trackCount": 26,
            "trackNumberUpdateTime": 1529063775353,
            "trackUpdateTime": 1588129297000,
            "adType": 0,
            "subscribedCount": 0,
            "cloudTrackCount": 0,
            "status": 0,
            "anonimous": false,
            "specialType": 0,
            "totalDuration": 0,
            "updateTime": 1529063775353,
            "coverImgId": 5708664371492293,
            "newImported": false,
            "tags": [],
            "commentThreadId": "A_PL_0_2110704463",
            "privacy": 0,
            "coverImgUrl": "https://p2.music.126.net/KvbpBS1iif2pAB_02xz7Dw==/5708664371492293.jpg",
            "userId": 481474853,
            "createTime": 1519172564974,
            "highQuality": false,
            "name": "头文字D 爆燃BGM",
            "id": 2110704463
        },
        {
            "subscribers": [],
            "subscribed": false,
            "creator": {
                "defaultAvatar": false,
                "province": 350000,
                "authStatus": 0,
                "followed": false,
                "avatarUrl": "http://p1.music.126.net/dNXro-_wj1V2dJ-uPuQqTA==/109951165034095714.jpg",
                "accountStatus": 0,
                "gender": 1,
                "city": 350100,
                "birthday": 928598400000,
                "userId": 481474853,
                "userType": 0,
                "nickname": "ForeverMisaka",
                "signature": "",
                "description": "",
                "detailDescription": "",
                "avatarImgId": 109951165034095710,
                "backgroundImgId": 2043992116056018,
                "backgroundUrl": "http://p1.music.126.net/l3KDu5decycOsA7vcR7mSg==/2043992116056018.jpg",
                "authority": 0,
                "mutual": false,
                "expertTags": null,
                "experts": null,
                "djStatus": 0,
                "vipType": 11,
                "remarkName": null,
                "avatarImgIdStr": "109951165034095714",
                "backgroundImgIdStr": "2043992116056018",
                "avatarImgId_str": "109951165034095714"
            },
            "artists": null,
            "tracks": null,
            "updateFrequency": null,
            "backgroundCoverId": 0,
            "backgroundCoverUrl": null,
            "titleImage": 0,
            "titleImageUrl": null,
            "englishTitle": null,
            "opRecommend": false,
            "recommendInfo": null,
            "description": "",
            "ordered": true,
            "playCount": 263,
            "trackCount": 96,
            "trackNumberUpdateTime": 1517063774239,
            "trackUpdateTime": 1592728426901,
            "adType": 0,
            "subscribedCount": 9,
            "cloudTrackCount": 0,
            "status": 0,
            "anonimous": false,
            "specialType": 0,
            "totalDuration": 0,
            "updateTime": 1517063774239,
            "coverImgId": 18337654928626304,
            "newImported": false,
            "tags": [
                "欧美"
            ],
            "commentThreadId": "A_PL_0_2076780505",
            "privacy": 0,
            "coverImgUrl": "https://p2.music.126.net/LfF-2m1-bqiEpFGuwFapVg==/18337654928626306.jpg",
            "userId": 481474853,
            "createTime": 1517063308974,
            "highQuality": false,
            "name": "2012billboard年榜Top100歌曲",
            "id": 2076780505,
            "coverImgId_str": "18337654928626306"
        },
        {
            "subscribers": [],
            "subscribed": false,
            "creator": {
                "defaultAvatar": false,
                "province": 350000,
                "authStatus": 0,
                "followed": false,
                "avatarUrl": "http://p1.music.126.net/dNXro-_wj1V2dJ-uPuQqTA==/109951165034095714.jpg",
                "accountStatus": 0,
                "gender": 1,
                "city": 350100,
                "birthday": 928598400000,
                "userId": 481474853,
                "userType": 0,
                "nickname": "ForeverMisaka",
                "signature": "",
                "description": "",
                "detailDescription": "",
                "avatarImgId": 109951165034095710,
                "backgroundImgId": 2043992116056018,
                "backgroundUrl": "http://p1.music.126.net/l3KDu5decycOsA7vcR7mSg==/2043992116056018.jpg",
                "authority": 0,
                "mutual": false,
                "expertTags": null,
                "experts": null,
                "djStatus": 0,
                "vipType": 11,
                "remarkName": null,
                "avatarImgIdStr": "109951165034095714",
                "backgroundImgIdStr": "2043992116056018",
                "avatarImgId_str": "109951165034095714"
            },
            "artists": null,
            "tracks": null,
            "updateFrequency": null,
            "backgroundCoverId": 0,
            "backgroundCoverUrl": null,
            "titleImage": 0,
            "titleImageUrl": null,
            "englishTitle": null,
            "opRecommend": false,
            "recommendInfo": null,
            "description": null,
            "ordered": true,
            "playCount": 62,
            "trackCount": 9,
            "trackNumberUpdateTime": 1516091322034,
            "trackUpdateTime": 1592409332200,
            "adType": 0,
            "subscribedCount": 0,
            "cloudTrackCount": 0,
            "status": 0,
            "anonimous": false,
            "specialType": 0,
            "totalDuration": 0,
            "updateTime": 1516109081397,
            "coverImgId": 910395627841603,
            "newImported": false,
            "tags": [],
            "commentThreadId": "A_PL_0_920450315",
            "privacy": 0,
            "coverImgUrl": "https://p2.music.126.net/RwsPGpySHPY4OZfRQzxkLQ==/910395627841603.jpg",
            "userId": 481474853,
            "createTime": 1505493876621,
            "highQuality": false,
            "name": "东方",
            "id": 920450315
        },
        {
            "subscribers": [],
            "subscribed": false,
            "creator": {
                "defaultAvatar": false,
                "province": 350000,
                "authStatus": 0,
                "followed": false,
                "avatarUrl": "http://p1.music.126.net/dNXro-_wj1V2dJ-uPuQqTA==/109951165034095714.jpg",
                "accountStatus": 0,
                "gender": 1,
                "city": 350100,
                "birthday": 928598400000,
                "userId": 481474853,
                "userType": 0,
                "nickname": "ForeverMisaka",
                "signature": "",
                "description": "",
                "detailDescription": "",
                "avatarImgId": 109951165034095710,
                "backgroundImgId": 2043992116056018,
                "backgroundUrl": "http://p1.music.126.net/l3KDu5decycOsA7vcR7mSg==/2043992116056018.jpg",
                "authority": 0,
                "mutual": false,
                "expertTags": null,
                "experts": null,
                "djStatus": 0,
                "vipType": 11,
                "remarkName": null,
                "avatarImgIdStr": "109951165034095714",
                "backgroundImgIdStr": "2043992116056018",
                "avatarImgId_str": "109951165034095714"
            },
            "artists": null,
            "tracks": null,
            "updateFrequency": null,
            "backgroundCoverId": 0,
            "backgroundCoverUrl": null,
            "titleImage": 0,
            "titleImageUrl": null,
            "englishTitle": null,
            "opRecommend": false,
            "recommendInfo": null,
            "description": null,
            "ordered": false,
            "playCount": 22,
            "trackCount": 7,
            "trackNumberUpdateTime": 1519172975432,
            "trackUpdateTime": 1588839391098,
            "adType": 0,
            "subscribedCount": 0,
            "cloudTrackCount": 0,
            "status": 0,
            "anonimous": false,
            "specialType": 0,
            "totalDuration": 0,
            "updateTime": 1520323476005,
            "coverImgId": 5810918952825161,
            "newImported": false,
            "tags": [],
            "commentThreadId": "A_PL_0_879383110",
            "privacy": 0,
            "coverImgUrl": "https://p2.music.126.net/vWC_5SY8ocqIvsUu8XgMaQ==/5810918952825161.jpg",
            "userId": 481474853,
            "createTime": 1502644859100,
            "highQuality": false,
            "name": "RWBY",
            "id": 879383110
        },
        {
            "subscribers": [],
            "subscribed": false,
            "creator": {
                "defaultAvatar": false,
                "province": 350000,
                "authStatus": 0,
                "followed": false,
                "avatarUrl": "http://p1.music.126.net/dNXro-_wj1V2dJ-uPuQqTA==/109951165034095714.jpg",
                "accountStatus": 0,
                "gender": 1,
                "city": 350100,
                "birthday": 928598400000,
                "userId": 481474853,
                "userType": 0,
                "nickname": "ForeverMisaka",
                "signature": "",
                "description": "",
                "detailDescription": "",
                "avatarImgId": 109951165034095710,
                "backgroundImgId": 2043992116056018,
                "backgroundUrl": "http://p1.music.126.net/l3KDu5decycOsA7vcR7mSg==/2043992116056018.jpg",
                "authority": 0,
                "mutual": false,
                "expertTags": null,
                "experts": null,
                "djStatus": 0,
                "vipType": 11,
                "remarkName": null,
                "avatarImgIdStr": "109951165034095714",
                "backgroundImgIdStr": "2043992116056018",
                "avatarImgId_str": "109951165034095714"
            },
            "artists": null,
            "tracks": null,
            "updateFrequency": null,
            "backgroundCoverId": 0,
            "backgroundCoverUrl": null,
            "titleImage": 0,
            "titleImageUrl": null,
            "englishTitle": null,
            "opRecommend": false,
            "recommendInfo": null,
            "description": null,
            "ordered": false,
            "playCount": 67,
            "trackCount": 11,
            "trackNumberUpdateTime": 1510412085826,
            "trackUpdateTime": 1590927755864,
            "adType": 0,
            "subscribedCount": 0,
            "cloudTrackCount": 0,
            "status": 0,
            "anonimous": false,
            "specialType": 0,
            "totalDuration": 0,
            "updateTime": 1510412085826,
            "coverImgId": 2533274792219773,
            "newImported": false,
            "tags": [],
            "commentThreadId": "A_PL_0_720817708",
            "privacy": 0,
            "coverImgUrl": "https://p2.music.126.net/yag6uWb5dw6y4J_iACzF9g==/2533274792219773.jpg",
            "userId": 481474853,
            "createTime": 1494154849271,
            "highQuality": false,
            "name": "前奏让人迷",
            "id": 720817708
        },
        {
            "subscribers": [],
            "subscribed": false,
            "creator": {
                "defaultAvatar": false,
                "province": 650000,
                "authStatus": 0,
                "followed": false,
                "avatarUrl": "http://p1.music.126.net/PWcXoTlHsec_BB7FFiCgaw==/109951164511737174.jpg",
                "accountStatus": 0,
                "gender": 1,
                "city": 652300,
                "birthday": 975081600000,
                "userId": 283876319,
                "userType": 0,
                "nickname": "快乐的Ler",
                "signature": "B站同名UP(〃ﾉωﾉ)\n中二少年，载笑载言。",
                "description": "",
                "detailDescription": "",
                "avatarImgId": 109951164511737170,
                "backgroundImgId": 3413983616119583,
                "backgroundUrl": "http://p1.music.126.net/ApzSXcbL85XzzIa1oHE_Hw==/3413983616119583.jpg",
                "authority": 0,
                "mutual": false,
                "expertTags": null,
                "experts": null,
                "djStatus": 0,
                "vipType": 0,
                "remarkName": null,
                "avatarImgIdStr": "109951164511737174",
                "backgroundImgIdStr": "3413983616119583",
                "avatarImgId_str": "109951164511737174"
            },
            "artists": null,
            "tracks": null,
            "updateFrequency": null,
            "backgroundCoverId": 0,
            "backgroundCoverUrl": null,
            "titleImage": 0,
            "titleImageUrl": null,
            "englishTitle": null,
            "opRecommend": false,
            "recommendInfo": null,
            "description": "此歌单是由“”『精选』刀剑神域BGM“”中分离出来的战斗部分\n\n评论区支持歌曲推荐，毕竟我也不是什么魔鬼\n\n┑(￣Д ￣)┍",
            "ordered": true,
            "playCount": 630642,
            "trackCount": 20,
            "trackNumberUpdateTime": 1587386534892,
            "trackUpdateTime": 1587386607333,
            "adType": 0,
            "subscribedCount": 15788,
            "cloudTrackCount": 0,
            "status": 0,
            "anonimous": false,
            "specialType": 0,
            "totalDuration": 0,
            "updateTime": 1587386534892,
            "coverImgId": 18553159209231890,
            "newImported": false,
            "tags": [
                "ACG",
                "影视原声",
                "经典"
            ],
            "commentThreadId": "A_PL_0_2021829654",
            "privacy": 0,
            "coverImgUrl": "https://p2.music.126.net/f3MxhbXb-FxLBzdSaR34mw==/18553159209231887.jpg",
            "userId": 283876319,
            "createTime": 1513702399344,
            "highQuality": false,
            "name": "『精选』刀剑神域BGM（开挂丶战斗）",
            "id": 2021829654,
            "coverImgId_str": "18553159209231887"
        },
        {
            "subscribers": [],
            "subscribed": false,
            "creator": {
                "defaultAvatar": false,
                "province": 320000,
                "authStatus": 0,
                "followed": false,
                "avatarUrl": "http://p1.music.126.net/Mv0QF945TzqgGKLb_khVXA==/109951165079120004.jpg",
                "accountStatus": 0,
                "gender": 2,
                "city": 320500,
                "birthday": 800121600000,
                "userId": 32163787,
                "userType": 200,
                "nickname": "Siren--",
                "signature": "cool",
                "description": "",
                "detailDescription": "",
                "avatarImgId": 109951165079120000,
                "backgroundImgId": 109951165079105900,
                "backgroundUrl": "http://p1.music.126.net/P6t_lku2wDNivdbhoSZFIA==/109951165079105899.jpg",
                "authority": 0,
                "mutual": false,
                "expertTags": [
                    "影视原声"
                ],
                "experts": null,
                "djStatus": 10,
                "vipType": 11,
                "remarkName": null,
                "avatarImgIdStr": "109951165079120004",
                "backgroundImgIdStr": "109951165079105899",
                "avatarImgId_str": "109951165079120004"
            },
            "artists": null,
            "tracks": null,
            "updateFrequency": null,
            "backgroundCoverId": 0,
            "backgroundCoverUrl": null,
            "titleImage": 0,
            "titleImageUrl": null,
            "englishTitle": null,
            "opRecommend": false,
            "recommendInfo": null,
            "description": "魔导士公会“妖精的尾巴”，是一个为魔导士们从寻物到讨伐魔物等各样工作起到中介性质的组织，公会成员由众多厉害魔导士组成。公会内高手云集，行会的正负面名声都很高，\n以艾露莎、纳兹、格雷为首时常在执行任务时不顾后果的大肆破坏，导致会长时常要接受各方批评，以及签收各种巨额赔偿款，公会内的开支更不可小觑。\n与齐名的幽鬼支配者行会关系恶劣，被幽鬼攻击致使行会建筑被毁，众人通过努力重建了一个更为豪华的公会场所。\n妖尾的宗旨：朝自己相信的道路前进，这才是妖精的尾巴的魔导士。\n后因七年的空缺暂时在菲奥雷王国的公会中排名倒数第一。在大魔导演武之后重回第一。\n脱离妖精的尾巴公会三大定则：\n第一条：对妖精尾巴不利的情报，一生都不能对他人谈及。\n第二条：不能擅自和过去的委托人接触，进而从中获取个人利益。\n第三条：就算道路不同，也要坚强的活下去，绝对不能轻视自己的生命，一生都不能忘记过去珍视的同伴！",
            "ordered": true,
            "playCount": 1571808,
            "trackCount": 149,
            "trackNumberUpdateTime": 1569931573299,
            "trackUpdateTime": 1592703317484,
            "adType": 0,
            "subscribedCount": 27437,
            "cloudTrackCount": 0,
            "status": 0,
            "anonimous": false,
            "specialType": 0,
            "totalDuration": 0,
            "updateTime": 1578585693277,
            "coverImgId": 1418370001522917,
            "newImported": false,
            "tags": [
                "日语",
                "ACG"
            ],
            "commentThreadId": "A_PL_0_307003838",
            "privacy": 0,
            "coverImgUrl": "https://p2.music.126.net/iLSHvwRSbqO_O-dWeeWHFQ==/1418370001522917.jpg",
            "userId": 32163787,
            "createTime": 1456313562150,
            "highQuality": false,
            "name": "妖精的尾巴，燃向催泪原声",
            "id": 307003838
        },
        {
            "subscribers": [],
            "subscribed": false,
            "creator": {
                "defaultAvatar": false,
                "province": 1000000,
                "authStatus": 1,
                "followed": false,
                "avatarUrl": "http://p1.music.126.net/VK2aUqnJYDLOthrUfzvBkA==/1387583688172344.jpg",
                "accountStatus": 0,
                "gender": 0,
                "city": 1010000,
                "birthday": 660585600000,
                "userId": 11602980,
                "userType": 10,
                "nickname": "西园美鸟",
                "signature": "私信无法及时回复，见谅。",
                "description": "ACG资讯号",
                "detailDescription": "ACG资讯号",
                "avatarImgId": 1387583688172344,
                "backgroundImgId": 1391981734613170,
                "backgroundUrl": "http://p1.music.126.net/8PBK9ZYYCWSwBqnOcvDc2A==/1391981734613170.jpg",
                "authority": 0,
                "mutual": false,
                "expertTags": [
                    "日语",
                    "ACG",
                    "华语"
                ],
                "experts": null,
                "djStatus": 10,
                "vipType": 11,
                "remarkName": null,
                "avatarImgIdStr": "1387583688172344",
                "backgroundImgIdStr": "1391981734613170"
            },
            "artists": null,
            "tracks": null,
            "updateFrequency": null,
            "backgroundCoverId": 0,
            "backgroundCoverUrl": null,
            "titleImage": 0,
            "titleImageUrl": null,
            "englishTitle": null,
            "opRecommend": false,
            "recommendInfo": null,
            "description": "【2020.2.8更新】\nyou原本是《寒蝉鸣泣之时解 目明篇》的结束音乐，只有音乐而没有歌词。\n2013年发行的OVA《寒蝉鸣泣之时扩～Outbreak～》中采用了此曲的变奏《you -Visionen im Spiegel》（歌：愈月）作为片尾曲。",
            "ordered": true,
            "playCount": 613698,
            "trackCount": 147,
            "trackNumberUpdateTime": 1581184963941,
            "trackUpdateTime": 1592702087295,
            "adType": 0,
            "subscribedCount": 17172,
            "cloudTrackCount": 0,
            "status": 0,
            "anonimous": false,
            "specialType": 0,
            "totalDuration": 0,
            "updateTime": 1581184963941,
            "coverImgId": 18901704393177924,
            "newImported": false,
            "tags": [
                "日语",
                "ACG",
                "治愈"
            ],
            "commentThreadId": "A_PL_0_78894881",
            "privacy": 0,
            "coverImgUrl": "https://p2.music.126.net/bOt5dJETgnwL3plPLASHHA==/18901704393177925.jpg",
            "userId": 11602980,
            "createTime": 1433478471688,
            "highQuality": false,
            "name": "寒蝉鸣泣之时「you」各版本合集",
            "id": 78894881,
            "coverImgId_str": "18901704393177925"
        },
        {
            "subscribers": [],
            "subscribed": false,
            "creator": {
                "defaultAvatar": false,
                "province": 1000000,
                "authStatus": 0,
                "followed": false,
                "avatarUrl": "http://p1.music.126.net/1Pqhei-DTAaCbIAIf5Lu3A==/109951164815494141.jpg",
                "accountStatus": 0,
                "gender": 2,
                "city": 1005500,
                "birthday": 1104154633824,
                "userId": 448850354,
                "userType": 200,
                "nickname": "无可代替的宝物一京阿尼",
                "signature": "喜欢日语歌、听歌不看歌词喜欢听歌找意境。。喜欢有韵味的歌。\n\n歌单收藏听量和粉丝我都不在乎也不重要，重要在这里能交到知心听歌朋友。\n分享出去的歌哪怕只有一个人听也满足了。『停』\n\n如果动漫哪个人物最像自己，大概就是黄前久美子吧——说话直、短发（非卷）、百合、还有秀一问题、崇拜吹奏部上低音号、喜欢发呆……\n因、一部动漫而喜欢上了音乐。\n因、一首音乐而喜欢上了动漫。\n\n我的二次元才不是玩竞技游戏没看几部动漫就叫二次元。\n\n『京阿尼粉』\n『新海诚粉』\n祈愿京阿尼\n原名『唯律澪紬梓一一KON』",
                "description": "",
                "detailDescription": "",
                "avatarImgId": 109951164815494140,
                "backgroundImgId": 19028148230693612,
                "backgroundUrl": "http://p1.music.126.net/3X5kODznMbaLhBAgwosIDw==/19028148230693612.jpg",
                "authority": 0,
                "mutual": false,
                "expertTags": [
                    "日语",
                    "ACG",
                    "影视原声"
                ],
                "experts": {
                    "2": "动漫图文达人"
                },
                "djStatus": 10,
                "vipType": 0,
                "remarkName": null,
                "avatarImgIdStr": "109951164815494141",
                "backgroundImgIdStr": "19028148230693612",
                "avatarImgId_str": "109951164815494141"
            },
            "artists": null,
            "tracks": null,
            "updateFrequency": null,
            "backgroundCoverId": 0,
            "backgroundCoverUrl": null,
            "titleImage": 0,
            "titleImageUrl": null,
            "englishTitle": null,
            "opRecommend": false,
            "recommendInfo": null,
            "description": "第一次大概是因为2012年吧？ 网络出现大量东方同人音乐图集 从烂苹果《Bad Apple》曲入坑吧！后来知道可爱的 博丽灵梦，然后又知道她很穷( •̥́ ˍ •̀ू )记得网络刷的那句『只要给10万元什么都可以！』\n\n以前玩过一个东方游戏，现在不知道哪里去玩，玩什么级别。\n用了网易云 我发现听的歌越来越多，接触东方曲也渐渐多了 收获满满啊！（我还是个萌新）\n这些曲子很多都很有名，都是我入坑东方喜欢的曲子，也是身边喜欢东方初次听的曲 （部分）所以我也推荐出来给一些萌新听吧。。\n\n博丽灵梦，雾雨魔理沙，帕秋莉，雷米利亚，十六夜咲夜，芙兰朵露，魂魄妖梦，西行寺幽幽子，小野冢小町，四季映姬，藤原妹红，上白泽慧音， 键山雏，八坂神奈子，洩矢诹访子，八云紫，比那名居天子，永江衣玖，射命丸文，伊吹萃香，爱丽丝，河城荷取，风见幽香\n\n了解东方project的游戏。东方的游戏都是由zun一手策划而来，东方的人物也是由游戏中才登场的，也就是说东方的人物是由游戏渐变而来的。玩玩东方的游戏都是可以知道人物的出处的。\n\n幻想乡位于东方国家的边境之中，以日本东北及四国为原型的地区。各种非人的生物，例如妖怪都住在这里。由于有强大的结界将幻想乡外部遮断，幻想乡外部是无法确认幻想乡的存在的，而且也无法由外部进入幻想乡。同样幻想乡内部也无法确认幻想乡外部的样貌。由于这样，妖怪们在此建立了一个与外地相异的文明。\n\n基本概况\n\n幻想乡是被认为存在于远离日本的山深处的边境之地。这里多数居住着妖怪之类的非人类生物，不过也有少数人类居住。\n\n由于有强力的结界将幻想乡的外部遮断，外面世界是无法确认幻想乡的存在的，外界人也通常无法进入幻想乡，但如果发生了概率极低的“神隐”事件时，外界人可能来到幻想乡。同样，幻想乡内部也无法确认幻想乡外的样子，一般住民也无法离开幻想乡。\n\n但是，妖怪或拥有异能的人类可以通过各种手段进入幻想乡，如《永夜抄》中数十年前从月球逃来的铃仙、《梦时空》中从平行世界乘坐可能性空间移动船进入结界的冈崎梦美、《儚月抄》中从月球来的月兔以及坐火箭登月的灵梦一行、《风神录》中从外面世界转移进来的守矢神以及东风谷早苗、在《神灵庙》中用某种手段和外部交流的封兽鵺以及作为回应从外部世界来到幻想乡的二岩猯藏等，作品中也有许多例外。（字太多了。。）未完。。",
            "ordered": true,
            "playCount": 429335,
            "trackCount": 50,
            "trackNumberUpdateTime": 1554284705212,
            "trackUpdateTime": 1592704753430,
            "adType": 0,
            "subscribedCount": 16703,
            "cloudTrackCount": 0,
            "status": 0,
            "anonimous": false,
            "specialType": 0,
            "totalDuration": 0,
            "updateTime": 1578584505732,
            "coverImgId": 109951163895507070,
            "newImported": false,
            "tags": [
                "日语",
                "ACG",
                "快乐"
            ],
            "commentThreadId": "A_PL_0_2644694997",
            "privacy": 0,
            "coverImgUrl": "https://p2.music.126.net/dWbL8SJSVWe3BCqqzhcSvA==/109951163895507076.jpg",
            "userId": 448850354,
            "createTime": 1548698467356,
            "highQuality": false,
            "name": "『日系』东方幻想乡 萌新入坑曲歌单",
            "id": 2644694997,
            "coverImgId_str": "109951163895507076"
        },
        {
            "subscribers": [],
            "subscribed": false,
            "creator": {
                "defaultAvatar": false,
                "province": 330000,
                "authStatus": 0,
                "followed": false,
                "avatarUrl": "http://p1.music.126.net/yukZe3amTTgkiSL_4nrVcw==/109951165072071240.jpg",
                "accountStatus": 0,
                "gender": 0,
                "city": 330300,
                "birthday": 965923200000,
                "userId": 132423525,
                "userType": 200,
                "nickname": "爆肝工程师的狂想曲",
                "signature": "新番歌单及电台持续更新中，修改建议可以私信（肝不动了的话，就鸽了",
                "description": "",
                "detailDescription": "",
                "avatarImgId": 109951165072071230,
                "backgroundImgId": 109951164495341340,
                "backgroundUrl": "http://p1.music.126.net/WdIbZaa0ZocZ4L62UIsCGw==/109951164495341343.jpg",
                "authority": 0,
                "mutual": false,
                "expertTags": [
                    "ACG",
                    "影视原声",
                    "日语"
                ],
                "experts": {
                    "2": "动漫图文达人"
                },
                "djStatus": 10,
                "vipType": 11,
                "remarkName": null,
                "avatarImgIdStr": "109951165072071240",
                "backgroundImgIdStr": "109951164495341343",
                "avatarImgId_str": "109951165072071240"
            },
            "artists": null,
            "tracks": null,
            "updateFrequency": null,
            "backgroundCoverId": 0,
            "backgroundCoverUrl": null,
            "titleImage": 0,
            "titleImageUrl": null,
            "englishTitle": null,
            "opRecommend": false,
            "recommendInfo": null,
            "description": "走进ACG的世界，追寻着探索欲与新奇，穿越时空，异界之旅，生活便变得不再千篇一律。（这里异界包括梦世界，异世界，镜世界，平行世界以及虚拟现实游戏世界）\n\n最强最具威力的魔法 \n爆裂魔法的使用者 \n吾名为慧慧 \n我认可的一击 \n以同伴爱为名义 \n以盲目性为躯壳 \n以威力葬送万物 \n享受强烈的颤动——《为美好的世界献上祝福》\n\n正因为生来什么都没有，因此我们能拥有一切。——《游戏人生》\n\n这虽然是游戏，但不是闹着玩的。——《刀剑神域》\n\n即使你忘记了我，我也不会遗忘你。——《Re：从零开始的异世界生活》\n\n哭泣并非因为软弱，承受并非因为坚强!——《灰与幻想的格林姆迦尔》\n\n这里以收录穿越类的动漫主题曲为主。（一漫一曲）",
            "ordered": true,
            "playCount": 299786,
            "trackCount": 93,
            "trackNumberUpdateTime": 1589979594533,
            "trackUpdateTime": 1592702331603,
            "adType": 0,
            "subscribedCount": 10446,
            "cloudTrackCount": 0,
            "status": 0,
            "anonimous": false,
            "specialType": 0,
            "totalDuration": 0,
            "updateTime": 1589979621388,
            "coverImgId": 109951163926585280,
            "newImported": false,
            "tags": [
                "日语",
                "ACG",
                "旅行"
            ],
            "commentThreadId": "A_PL_0_2709688014",
            "privacy": 0,
            "coverImgUrl": "https://p2.music.126.net/pFZA-2JLof2NBu0ZCqrNvA==/109951163926585272.jpg",
            "userId": 132423525,
            "createTime": 1552605604146,
            "highQuality": false,
            "name": "「ACG」穿越时空 异界之旅 新奇起行",
            "id": 2709688014,
            "coverImgId_str": "109951163926585272"
        },
        {
            "subscribers": [],
            "subscribed": false,
            "creator": {
                "defaultAvatar": false,
                "province": 1000000,
                "authStatus": 0,
                "followed": false,
                "avatarUrl": "http://p1.music.126.net/CYcQGIYkiKhfOJavgmr1QQ==/109951163387549665.jpg",
                "accountStatus": 0,
                "gender": 1,
                "city": 1005500,
                "birthday": 763743600000,
                "userId": 121136072,
                "userType": 0,
                "nickname": "iMemories",
                "signature": "好きだから",
                "description": "",
                "detailDescription": "",
                "avatarImgId": 109951163387549660,
                "backgroundImgId": 109951163387540880,
                "backgroundUrl": "http://p1.music.126.net/r7B1biBER-GJih5e9t9fCA==/109951163387540884.jpg",
                "authority": 0,
                "mutual": false,
                "expertTags": null,
                "experts": null,
                "djStatus": 0,
                "vipType": 11,
                "remarkName": null,
                "avatarImgIdStr": "109951163387549665",
                "backgroundImgIdStr": "109951163387540884",
                "avatarImgId_str": "109951163387549665"
            },
            "artists": null,
            "tracks": null,
            "updateFrequency": null,
            "backgroundCoverId": 0,
            "backgroundCoverUrl": null,
            "titleImage": 0,
            "titleImageUrl": null,
            "englishTitle": null,
            "opRecommend": false,
            "recommendInfo": null,
            "description": "有感动，有回忆，有洗脑，有中二",
            "ordered": true,
            "playCount": 32495012,
            "trackCount": 237,
            "trackNumberUpdateTime": 1591593195705,
            "trackUpdateTime": 1592701584377,
            "adType": 0,
            "subscribedCount": 853506,
            "cloudTrackCount": 0,
            "status": 0,
            "anonimous": false,
            "specialType": 0,
            "totalDuration": 0,
            "updateTime": 1591593195705,
            "coverImgId": 3250156372990817,
            "newImported": false,
            "tags": [
                "日语",
                "感动",
                "清新"
            ],
            "commentThreadId": "A_PL_0_164238075",
            "privacy": 0,
            "coverImgUrl": "https://p2.music.126.net/_U-kPwLPGiVu9Diz66PWPg==/3250156372990817.jpg",
            "userId": 121136072,
            "createTime": 1454453013181,
            "highQuality": false,
            "name": "日语歌单。每一首都可循环。",
            "id": 164238075
        },
        {
            "subscribers": [],
            "subscribed": false,
            "creator": {
                "defaultAvatar": false,
                "province": 330000,
                "authStatus": 0,
                "followed": false,
                "avatarUrl": "http://p1.music.126.net/sJZoDGEqPVsJNjzI2Xpsjg==/109951163132278383.jpg",
                "accountStatus": 0,
                "gender": 2,
                "city": 330100,
                "birthday": 779472000000,
                "userId": 59922307,
                "userType": 0,
                "nickname": "结城_美柑",
                "signature": "涙は見せないと誓った。",
                "description": "",
                "detailDescription": "",
                "avatarImgId": 109951163132278380,
                "backgroundImgId": 1404076357357203,
                "backgroundUrl": "http://p1.music.126.net/khAZXFGTB4mgeE_F2mJgag==/1404076357357203.jpg",
                "authority": 0,
                "mutual": false,
                "expertTags": null,
                "experts": null,
                "djStatus": 0,
                "vipType": 11,
                "remarkName": null,
                "avatarImgIdStr": "109951163132278383",
                "backgroundImgIdStr": "1404076357357203",
                "avatarImgId_str": "109951163132278383"
            },
            "artists": null,
            "tracks": null,
            "updateFrequency": null,
            "backgroundCoverId": 0,
            "backgroundCoverUrl": null,
            "titleImage": 0,
            "titleImageUrl": null,
            "englishTitle": null,
            "opRecommend": false,
            "recommendInfo": null,
            "description": "4月12日《命运石之门0》正式开播！～～～～～《命运石之门》系列个人喜欢OP、ED以及角色歌合集。已经加入新作OP《ファティマ》ED 《Last Game》《World-Line》SG0游戏OP《アマデウス》、ED《ライア》、《Gate of Steiner》、卡咖喱线ED《星の奏でる歌》。收入《Gate of Steiner》等经典BGM。附加香菜嘟嘟噜洗脑！El psy congroo.",
            "ordered": true,
            "playCount": 1736865,
            "trackCount": 27,
            "trackNumberUpdateTime": 1535597286852,
            "trackUpdateTime": 1586523064265,
            "adType": 0,
            "subscribedCount": 41798,
            "cloudTrackCount": 0,
            "status": 0,
            "anonimous": false,
            "specialType": 0,
            "totalDuration": 0,
            "updateTime": 1578587478988,
            "coverImgId": 7735064302068422,
            "newImported": false,
            "tags": [
                "日语",
                "ACG"
            ],
            "commentThreadId": "A_PL_0_60530487",
            "privacy": 0,
            "coverImgUrl": "https://p2.music.126.net/PCfuDUbmQkrY5-RkPAcfnQ==/7735064302068422.jpg",
            "userId": 59922307,
            "createTime": 1427105231410,
            "highQuality": false,
            "name": "命运石之门（Steins;Gate）",
            "id": 60530487
        },
        {
            "subscribers": [],
            "subscribed": false,
            "creator": {
                "defaultAvatar": false,
                "province": 1000000,
                "authStatus": 0,
                "followed": false,
                "avatarUrl": "http://p1.music.126.net/cO8wYjfp4GBshzyKx3QfSQ==/109951163562656280.jpg",
                "accountStatus": 0,
                "gender": 1,
                "city": 1004400,
                "birthday": 712074630971,
                "userId": 48982201,
                "userType": 0,
                "nickname": "栗悟饭与龟派气功",
                "signature": "我就是不想否定至今为止的自己而已，哪怕充满了失败，但这些失败也都是自己的一部分。",
                "description": "",
                "detailDescription": "",
                "avatarImgId": 109951163562656290,
                "backgroundImgId": 1372190514271729,
                "backgroundUrl": "http://p1.music.126.net/OPCsu0G0tu-XWwxn_k0pyg==/1372190514271729.jpg",
                "authority": 0,
                "mutual": false,
                "expertTags": null,
                "experts": null,
                "djStatus": 10,
                "vipType": 0,
                "remarkName": null,
                "avatarImgIdStr": "109951163562656280",
                "backgroundImgIdStr": "1372190514271729",
                "avatarImgId_str": "109951163562656280"
            },
            "artists": null,
            "tracks": null,
            "updateFrequency": null,
            "backgroundCoverId": 0,
            "backgroundCoverUrl": null,
            "titleImage": 0,
            "titleImageUrl": null,
            "englishTitle": null,
            "opRecommend": false,
            "recommendInfo": null,
            "description": "There is no end though there is a start in space. ---Infinity.\nIt has own power, it ruins, and it goes though there is a start also in the star. ---Finite.\nOnly the person who was wisdom can read the most foolish one from the history.\nThe fish that lives in the sea doesn't know the world in the land. \nIt also ruins and goes if they have wisdom.\nIt is funnier that man exceeds the speed of light than fish start living in the land.\nIt can be said that this is an final ultimatum from the god to the people who can fight.",
            "ordered": true,
            "playCount": 508769,
            "trackCount": 102,
            "trackNumberUpdateTime": 1554965310636,
            "trackUpdateTime": 1586524776925,
            "adType": 0,
            "subscribedCount": 12124,
            "cloudTrackCount": 0,
            "status": 0,
            "anonimous": false,
            "specialType": 0,
            "totalDuration": 0,
            "updateTime": 1578580590329,
            "coverImgId": 18609234300379284,
            "newImported": false,
            "tags": [
                "ACG",
                "日语",
                "游戏"
            ],
            "commentThreadId": "A_PL_0_151940033",
            "privacy": 0,
            "coverImgUrl": "https://p1.music.126.net/kjQ838cN4cP5PvWa7k4Blw==/18609234300379284.jpg",
            "userId": 48982201,
            "createTime": 1452361997777,
            "highQuality": false,
            "name": "命运石之门&0",
            "id": 151940033,
            "coverImgId_str": "18609234300379284"
        },
        {
            "subscribers": [],
            "subscribed": false,
            "creator": {
                "defaultAvatar": false,
                "province": 370000,
                "authStatus": 0,
                "followed": false,
                "avatarUrl": "http://p1.music.126.net/Y7xNFVwbyDYmNvITBiXgUw==/3225967118167603.jpg",
                "accountStatus": 0,
                "gender": 2,
                "city": 370100,
                "birthday": 564595200000,
                "userId": 12354906,
                "userType": 200,
                "nickname": "神栖怜",
                "signature": "泽叔真爱粉，多年日语学习者，喜爱各种纯音乐,品味略奇葩，关注需谨慎。",
                "description": "",
                "detailDescription": "",
                "avatarImgId": 3225967118167603,
                "backgroundImgId": 2933497023062218,
                "backgroundUrl": "http://p1.music.126.net/gq3-v1nDj779LGOU89o_Kg==/2933497023062218.jpg",
                "authority": 0,
                "mutual": false,
                "expertTags": [
                    "古风",
                    "日语"
                ],
                "experts": null,
                "djStatus": 0,
                "vipType": 11,
                "remarkName": null,
                "avatarImgIdStr": "3225967118167603",
                "backgroundImgIdStr": "2933497023062218"
            },
            "artists": null,
            "tracks": null,
            "updateFrequency": null,
            "backgroundCoverId": 0,
            "backgroundCoverUrl": null,
            "titleImage": 0,
            "titleImageUrl": null,
            "englishTitle": null,
            "opRecommend": false,
            "recommendInfo": null,
            "description": "死神动画版 剧场版所有的歌，不收ost",
            "ordered": true,
            "playCount": 2572017,
            "trackCount": 49,
            "trackNumberUpdateTime": 1431162935728,
            "trackUpdateTime": 1577109771983,
            "adType": 0,
            "subscribedCount": 46097,
            "cloudTrackCount": 0,
            "status": 0,
            "anonimous": false,
            "specialType": 0,
            "totalDuration": 0,
            "updateTime": 1578589136915,
            "coverImgId": 2908208256758384,
            "newImported": false,
            "tags": [
                "日语",
                "ACG"
            ],
            "commentThreadId": "A_PL_0_10500981",
            "privacy": 0,
            "coverImgUrl": "https://p1.music.126.net/UEEX-AY55B-B9_C5sZQ89w==/2908208256758384.jpg",
            "userId": 12354906,
            "createTime": 1395967327782,
            "highQuality": false,
            "name": "【动漫】死神BLEACH所有的歌",
            "id": 10500981
        },
        {
            "subscribers": [],
            "subscribed": false,
            "creator": {
                "defaultAvatar": false,
                "province": 1000000,
                "authStatus": 0,
                "followed": false,
                "avatarUrl": "http://p1.music.126.net/piXyrG5BVhLys5H641_gnQ==/109951164935839955.jpg",
                "accountStatus": 0,
                "gender": 1,
                "city": 1010000,
                "birthday": 922982400000,
                "userId": 17340735,
                "userType": 0,
                "nickname": "_kanin",
                "signature": "",
                "description": "",
                "detailDescription": "",
                "avatarImgId": 109951164935839950,
                "backgroundImgId": 109951164946936930,
                "backgroundUrl": "http://p1.music.126.net/NIHw1XvXbuH_csqxG2NUGQ==/109951164946936934.jpg",
                "authority": 0,
                "mutual": false,
                "expertTags": null,
                "experts": null,
                "djStatus": 0,
                "vipType": 11,
                "remarkName": null,
                "avatarImgIdStr": "109951164935839955",
                "backgroundImgIdStr": "109951164946936934",
                "avatarImgId_str": "109951164935839955"
            },
            "artists": null,
            "tracks": null,
            "updateFrequency": null,
            "backgroundCoverId": 0,
            "backgroundCoverUrl": null,
            "titleImage": 0,
            "titleImageUrl": null,
            "englishTitle": null,
            "opRecommend": false,
            "recommendInfo": null,
            "description": "只要是看过动漫的鲜有人不知道key社，key的每一部作品都如同一杯日下的午茶带给我们人生的感悟。尤其是key的三部神作《Clannad》、《air》、《Kanon》更是感动了无数人，而其中的音乐也随之深入人心。",
            "ordered": true,
            "playCount": 193253,
            "trackCount": 110,
            "trackNumberUpdateTime": 1591765765270,
            "trackUpdateTime": 1592701590738,
            "adType": 0,
            "subscribedCount": 9848,
            "cloudTrackCount": 0,
            "status": 0,
            "anonimous": false,
            "specialType": 0,
            "totalDuration": 0,
            "updateTime": 1591766001672,
            "coverImgId": 7840617417932020,
            "newImported": false,
            "tags": [
                "日语",
                "ACG",
                "游戏"
            ],
            "commentThreadId": "A_PL_0_51936581",
            "privacy": 0,
            "coverImgUrl": "https://p1.music.126.net/TC8eRWfonmxCRSzj0QVunA==/7840617417932020.jpg",
            "userId": 17340735,
            "createTime": 1423742864602,
            "highQuality": false,
            "name": "Key社神曲集",
            "id": 51936581
        }
    ],
    "code": 200
}